Workbook
Name ENTRADA: 'DEZEMBRO-25'!$AN$1:$BR$120
Name FINAL: #REF!
Name SAÍDA: 'DEZEMBRO-25'!$H$1:$AL$111
Name validades: Tabela14[]

Sheet ESTOQUE GERAL
A1: MAIS SAIU NO MÊS | B1: produtos | C1: CLAS. | D1: vencimento | E1: SAÍDA | F1: ESTOQUE | G1: ENTRADA | I1: TOTAL | J1: 1 | K1: 2 | L1: 3 | M1: 4 | N1: 5 | O1: 6 | P1: 7 | Q1: 8 | R1: 9 | S1: 10 | T1: 11 | U1: 12 | V1: 13 | W1: 14 | X1: 15 | Y1: 16 | Z1: 17 | AA1: 18 | AB1: 19 | AC1: 20 | AD1: 21 | AE1: 22 | AF1: 23 | AG1: 24 | AH1: 25 | AI1: 26 | AJ1: 27 | AK1: 28 | AL1: 29 | AM1: 30 | AN1: 31
A2: =-SUM(J2:AN2) -> 120 | B2: CLOREXIDINA degermante 2% | C2: LT | D2: 46327 | E2: 5 | F2: 100 | G2: 0 | I2: =SUM(F2+G2-E2,J2:AN2) -> -25 | M2: -120
A3: =-SUM(J3:AN3) -> 120 | B3: digluconato de clorexidina 0,5% | C3: LT | D3: 46631 | E3: 0 | F3: 35 | I3: =SUM(F3+G3-E3,J3:AN3) -> -85 | M3: -120
A4: =-SUM(J4:AN4) -> 120 | B4: ABAIXADORES P/LÍNGUA | C4: UND | D4: 47178 | F4: 185 | I4: =SUM(F4+G4-E4,J4:AN4) -> 65 | M4: -120
A5: =-SUM(J5:AN5) -> 18 | B5: ADESIVO P/ FIXAÇÃO DE DISPOSITIVOS INTRAVENOSOS | C5: UND | D5: 46113 | F5: 750 | I5: =SUM(F5+G5-E5,J5:AN5) -> 732 | M5: -18
A6: =-SUM(J6:AN6) -> 10 | B6: AGENDA PERMANENTE | C6: NULO | F6: 0 | I6: =SUM(F6+G6-E6,J6:AN6) -> -10 | M6: -10
A7: =-SUM(J7:AN7) -> 10 | B7: AGENDAMENTO DE CONSULTA | C7: UND | F7: 241 | I7: =SUM(F7+G7-E7,J7:AN7) -> 231 | M7: -10
A8: =-SUM(J8:AN8) -> 5 | B8: ÁGUA OXIGENADA | C8: UND | F8: 0 | I8: =SUM(F8+G8-E8,J8:AN8) -> -5 | M8: -5
A9: =-SUM(J9:AN9) -> 4 | B9: ÁGUA P/ INJEÇÃO | C9: UND | D9: 45931 | F9: 45 | I9: =SUM(F9+G9-E9,J9:AN9) -> 41 | M9: -4
A10: =-SUM(J10:AN10) -> 4 | B10: ÁGUA SANITÁRIA 2lt | I10: =SUM(F10+G10-E10,J10:AN10) -> -4 | M10: -4
A11: =-SUM(J11:AN11) -> 4 | B11: ÁGUA SANITÁRIA 1lt | I11: =SUM(F11+G11-E11,J11:AN11) -> -4 | M11: -4
A12: =-SUM(J12:AN12) -> 3 | B12: ÁGUA SANITÁRIA 2L | I12: =SUM(F12+G12-E12,J12:AN12) -> -3 | M12: -3
A13: =-SUM(J13:AN13) -> 3 | B13: AGULHA HIPODÉRMICA25x0,6 C/100 | C13: CX | F13: 173 | I13: =SUM(F13+G13-E13,J13:AN13) -> 170 | M13: -3
A14: =-SUM(J14:AN14) -> 2 | B14: AGULHA HIPODÉRMICA25x7 C/100 | C14: CX | F14: 106 | I14: =SUM(F14+G14-E14,J14:AN14) -> 104 | M14: -2
A15: =-SUM(J15:AN15) -> 2 | B15: AGULHA HIPODÉRMICA25X8 C/100 | C15: CX | F15: 68 | I15: =SUM(F15+G15-E15,J15:AN15) -> 66 | M15: -2
A16: =-SUM(J16:AN16) -> 2 | B16: AGULHA HIPODÉRMICA40X12 C/100 | C16: CX | F16: 71 | I16: =SUM(F16+G16-E16,J16:AN16) -> 69 | M16: -2
A17: =-SUM(J17:AN17) -> 2 | B17: AGULHA HIPODÉRMICA 13x45 C/100 | C17: CX | F17: 137 | I17: =SUM(F17+G17-E17,J17:AN17) -> 135 | M17: -2
A18: =-SUM(J18:AN18) -> 2 | B18: AGULHA HIPODÉRMICA 20X55 C/100 | C18: CX | F18: 49 | I18: =SUM(F18+G18-E18,J18:AN18) -> 47 | M18: -2
A19: =-SUM(J19:AN19) -> 2 | B19: AGULHA P/ GLICOSE (LANCETA) | C19: NULO | F19: 0 | I19: =SUM(F19+G19-E19,J19:AN19) -> -2 | M19: -2
A20: =-SUM(J20:AN20) -> 2 | B20: ÁLCOOL 70% | I20: =SUM(F20+G20-E20,J20:AN20) -> -2 | M20: -2
A21: =-SUM(J21:AN21) -> 2 | B21: ÁLCOOL 99% HOSPITALAR | C21: UND | D21: 46296 | F21: 50 | I21: =SUM(F21+G21-E21,J21:AN21) -> 48 | M21: -2
A22: =-SUM(J22:AN22) -> 1 | B22: ÁLCOOL IODADO (POLVIDINE TÓPICO) | C22: LT | D22: 45839 | F22: 118 | I22: =SUM(F22+G22-E22,J22:AN22) -> 117 | M22: -1
A23: =-SUM(J23:AN23) -> 1 | B23: ÁLCOOOL EM GEL 70% | I23: =SUM(F23+G23-E23,J23:AN23) -> -1 | M23: -1
A24: =-SUM(J24:AN24) -> 0 | B24: ALFINETE COM CABEÇA | C24: CX | F24: 0 | I24: =SUM(F24+G24-E24,J24:AN24) -> 0 | L24: 0 | M24: 0
A25: =-SUM(J25:AN25) -> 0 | B25: ALFINETE COMUM | C25: NULO | F25: 0 | I25: =SUM(F25+G25-E25,J25:AN25) -> 0 | M25: 0
A26: =-SUM(J26:AN26) -> 0 | B26: ALGODÃO HIDROFILO | C26: UND | D26: 47178 | F26: 70 | I26: =SUM(F26+G26-E26,J26:AN26) -> 70 | M26: 0
A27: =-SUM(J27:AN27) -> 0 | B27: ALGODÃO ORTOPEDICO 10CM | C27: NULO | F27: 0 | I27: =SUM(F27+G27-E27,J27:AN27) -> 0 | M27: 0
A28: =-SUM(J28:AN28) -> 0 | B28: ALGODÃO ORTOPEDICO 20CM | C28: NULO | F28: 0 | I28: =SUM(F28+G28-E28,J28:AN28) -> 0 | M28: 0
A29: =-SUM(J29:AN29) -> 0 | B29: ALMOFADA PARA CARIMBO | C29: UND | F29: 39 | I29: =SUM(F29+G29-E29,J29:AN29) -> 39 | M29: 0
A30: =-SUM(J30:AN30) -> 0 | B30: ALMOFADA PARA CARIMBO | C30: UND | F30: 54 | I30: =SUM(F30+G30-E30,J30:AN30) -> 54 | M30: 0
A31: =-SUM(J31:AN31) -> 0 | B31: ALMOTOLIA 250 ML | C31: UND | F31: 0 | I31: =SUM(F31+G31-E31,J31:AN31) -> 0 | M31: 0
A32: =-SUM(J32:AN32) -> 0 | B32: ALMOTOLIA 500 ML | C32: UND | F32: 0 | I32: =SUM(F32+G32-E32,J32:AN32) -> 0 | M32: 0
A33: =-SUM(J33:AN33) -> 0 | B33: AMACIANTE | I33: =SUM(F33+G33-E33,J33:AN33) -> 0 | M33: 0
A34: =-SUM(J34:AN34) -> 0 | B34: Aparelho MEDIDOR GLICOSE (GLICOSÍMETRO) | C34: NULO | F34: 0 | I34: =SUM(F34+G34-E34,J34:AN34) -> 0 | M34: 0
A35: =-SUM(J35:AN35) -> 0 | B35: ARQUIVO | I35: =SUM(F35+G35-E35,J35:AN35) -> 0 | M35: 0
A36: =-SUM(J36:AN36) -> 0 | B36: ATADURA CREPE 10cm | C36: UND | F36: 0 | I36: =SUM(F36+G36-E36,J36:AN36) -> 0 | M36: 0
A37: =-SUM(J37:AN37) -> 0 | B37: ATADURA CREPE 15cm | C37: UND | D37: 47150 | F37: 60 | I37: =SUM(F37+G37-E37,J37:AN37) -> 60 | M37: 0
A38: =-SUM(J38:AN38) -> 0 | B38: ATADURA CREPE 20cm | C38: UND | D38: 47150 | F38: 60 | I38: =SUM(F38+G38-E38,J38:AN38) -> 60 | M38: 0
A39: =-SUM(J39:AN39) -> 0 | B39: ATADURA DE ALGODÃO 10CM | C39: NULO | F39: 0 | I39: =SUM(F39+G39-E39,J39:AN39) -> 0 | M39: 0
A40: =-SUM(J40:AN40) -> 0 | B40: ATADURA DE ALGODÃO 15CM | C40: NULO | F40: 0 | I40: =SUM(F40+G40-E40,J40:AN40) -> 0 | M40: 0
A41: =-SUM(J41:AN41) -> 0 | B41: ATADURA DE ALGODÃO 20CM | C41: PCT | F41: 0 | I41: =SUM(F41+G41-E41,J41:AN41) -> 0 | M41: 0
A42: =-SUM(J42:AN42) -> 0 | B42: ATADURA GESSADA 12X300 | C42: NULO | F42: 0 | I42: =SUM(F42+G42-E42,J42:AN42) -> 0 | M42: 0
A43: =-SUM(J43:AN43) -> 0 | B43: ATADURA GESSADA 15X300 | C43: NULO | F43: 0 | I43: =SUM(F43+G43-E43,J43:AN43) -> 0 | M43: 0
A44: =-SUM(J44:AN44) -> 0 | B44: ATADURA GESSADA 20CM X 4M | C44: NULO | F44: 0 | I44: =SUM(F44+G44-E44,J44:AN44) -> 0 | M44: 0
A45: =-SUM(J45:AN45) -> 0 | B45: ATADURA GESSADA 8CMX2M | C45: NULO | F45: 0 | I45: =SUM(F45+G45-E45,J45:AN45) -> 0 | M45: 0
A46: =-SUM(J46:AN46) -> 0 | B46: AVENTAL CIRÚRGICO G | C46: un | F46: 69 | I46: =SUM(F46+G46-E46,J46:AN46) -> 69 | M46: 0
A47: =-SUM(J47:AN47) -> 0 | B47: AVENTAL PVC | I47: =SUM(F47+G47-E47,J47:AN47) -> 0 | M47: 0
A48: =-SUM(J48:AN48) -> 0 | B48: BALANÇA | I48: =SUM(F48+G48-E48,J48:AN48) -> 0 | M48: 0
A49: =-SUM(J49:AN49) -> 0 | B49: BALÃO SORTIDO | C49: PCT | F49: 0 | I49: =SUM(F49+G49-E49,J49:AN49) -> 0 | M49: 0
A50: =-SUM(J50:AN50) -> 0 | B50: BALDE G | I50: =SUM(F50+G50-E50,J50:AN50) -> 0 | M50: 0
A51: =-SUM(J51:AN51) -> 0 | B51: BALDE P | I51: =SUM(F51+G51-E51,J51:AN51) -> 0 | M51: 0
A52: =-SUM(J52:AN52) -> 0 | B52: BANCO C/ROTINHA ACENDO GIRADORIO | I52: =SUM(F52+G52-E52,J52:AN52) -> 0 | M52: 0
A53: =-SUM(J53:AN53) -> 0 | B53: BARBANTE PEQUENO | C53: NULO | F53: 0 | I53: =SUM(F53+G53-E53,J53:AN53) -> 0 | M53: 0
A54: =-SUM(J54:AN54) -> 0 | B54: BATERIA CR 1620 | C54: NULO | F54: 0 | I54: =SUM(F54+G54-E54,J54:AN54) -> 0 | M54: 0
A55: =-SUM(J55:AN55) -> 0 | B55: BATERIA CR 2016 | C55: NULO | F55: 0 | I55: =SUM(F55+G55-E55,J55:AN55) -> 0 | M55: 0
A56: =-SUM(J56:AN56) -> 0 | B56: BATERIA CR 2025 | C56: NULO | F56: 0 | I56: =SUM(F56+G56-E56,J56:AN56) -> 0 | M56: 0
A57: =-SUM(J57:AN57) -> 0 | B57: BATERIA CR 2032 ( GLICOSIMêTRO ) | C57: UND | D57: dez-28 | F57: 61 | I57: =SUM(F57+G57-E57,J57:AN57) -> 61 | M57: 0
A58: =-SUM(J58:AN58) -> 0 | B58: BATERIA CR 2450 | C58: UND | D58: jan-26 | F58: 30 | I58: =SUM(F58+G58-E58,J58:AN58) -> 30 | M58: 0
A59: =-SUM(J59:AN59) -> 0 | B59: BATERIA LR 1154 | C59: UND | D59: dez-28 | F59: 685 | I59: =SUM(F59+G59-E59,J59:AN59) -> 685 | M59: 0
A60: =-SUM(J60:AN60) -> 0 | B60: BEBEDOURO | I60: =SUM(F60+G60-E60,J60:AN60) -> 0 | M60: 0
A61: =-SUM(J61:AN61) -> 0 | B61: BEBEDOURO | I61: =SUM(F61+G61-E61,J61:AN61) -> 0 | M61: 0
A62: =-SUM(J62:AN62) -> 0 | B62: BIOFRASCO 300ML | C62: NULO | F62: 0 | I62: =SUM(F62+G62-E62,J62:AN62) -> 0 | M62: 0
A63: =-SUM(J63:AN63) -> 0 | B63: BIOFRASCO 500ML | C63: UND | F63: 256 | I63: =SUM(F63+G63-E63,J63:AN63) -> 256 | M63: 0
A64: =-SUM(J64:AN64) -> 0 | B64: BOBINA GRANDE | I64: =SUM(F64+G64-E64,J64:AN64) -> 0 | M64: 0
A65: =-SUM(J65:AN65) -> 0 | B65: BOBINA MED. | I65: =SUM(F65+G65-E65,J65:AN65) -> 0 | M65: 0
A66: =-SUM(J66:AN66) -> 0 | B66: BOBINA P/ ESTERELIZAÇÃO 15X100 | C66: NULO | F66: 0 | I66: =SUM(F66+G66-E66,J66:AN66) -> 0 | M66: 0
A67: =-SUM(J67:AN67) -> 0 | B67: BOBINA P/ ESTERELIZAÇÃO 80X100 | C67: RL | F67: 0 | I67: =SUM(F67+G67-E67,J67:AN67) -> 0 | M67: 0
A68: =-SUM(J68:AN68) -> 0 | B68: BOBINA P/ ESTERELIZAÇÃO 25X100 | C68: NULO | F68: 0 | I68: =SUM(F68+G68-E68,J68:AN68) -> 0 | M68: 0
A69: =-SUM(J69:AN69) -> 0 | B69: BOBINA P/ ESTERILIZAÇÃO 150X100 | C69: NULO | F69: 0 | I69: =SUM(F69+G69-E69,J69:AN69) -> 0 | M69: 0
A70: =-SUM(J70:AN70) -> 0 | B70: BOBINA P/ ESTERILIZAÇÃO 300X100 | C70: UND | D70: 46600 | F70: 9 | I70: =SUM(F70+G70-E70,J70:AN70) -> 9 | M70: 0
A71: =-SUM(J71:AN71) -> 0 | B71: BOBINA P/ ESTERILIZAÇÃO 100X100 | C71: UND | F71: 0 | I71: =SUM(F71+G71-E71,J71:AN71) -> 0 | M71: 0
A72: =-SUM(J72:AN72) -> 0 | B72: BOBINA P/ ESTERILIZAÇÃO 20X100 | C72: NULO | D72: 47058 | F72: 1 | I72: =SUM(F72+G72-E72,J72:AN72) -> 1 | M72: 0
A73: =-SUM(J73:AN73) -> 0 | B73: BOBINA P/ ESTERILIZAÇÃO 250X10 | C73: NULO | F73: 0 | I73: =SUM(F73+G73-E73,J73:AN73) -> 0 | M73: 0
A74: =-SUM(J74:AN74) -> 0 | B74: BOBINA P/ ESTERILIZAÇÃO 50X100 | C74: UND | D74: 47058 | F74: 5 | I74: =SUM(F74+G74-E74,J74:AN74) -> 5 | M74: 0
A75: =-SUM(J75:AN75) -> 0 | B75: BOBINA PEQ. | I75: =SUM(F75+G75-E75,J75:AN75) -> 0 | M75: 0
A76: =-SUM(J76:AN76) -> 0 | B76: BOLETIM DE ATENDIMENTO DE URGÊNCIA | C76: BLS | F76: 40 | I76: =SUM(F76+G76-E76,J76:AN76) -> 40 | M76: 0
A77: =-SUM(J77:AN77) -> 0 | B77: BOLETIM DE ATENDIMENTO DIÁRIO | C77: BLS | F77: 100 | I77: =SUM(F77+G77-E77,J77:AN77) -> 100 | M77: 0
A78: =-SUM(J78:AN78) -> 0 | B78: BOLSA COLETORA DE URINA | C78: UND | F78: 163 | I78: =SUM(F78+G78-E78,J78:AN78) -> 163 | M78: 0
A79: =-SUM(J79:AN79) -> 0 | B79: BOM AR | I79: =SUM(F79+G79-E79,J79:AN79) -> 0 | M79: 0
A80: =-SUM(J80:AN80) -> 0 | B80: BORRACHA | C80: UND | D80: abr-27 | F80: 1605 | I80: =SUM(F80+G80-E80,J80:AN80) -> 1605 | M80: 0
A81: =-SUM(J81:AN81) -> 0 | B81: BORRACHA PONTEIRA | C81: UND | F81: 652 | I81: =SUM(F81+G81-E81,J81:AN81) -> 652 | M81: 0
A82: =-SUM(J82:AN82) -> 0 | B82: BORRIFADOR | I82: =SUM(F82+G82-E82,J82:AN82) -> 0 | M82: 0
A83: =-SUM(J83:AN83) -> 0 | B83: BOTA BORR. 35 cano curdo | I83: =SUM(F83+G83-E83,J83:AN83) -> 0 | M83: 0
A84: =-SUM(J84:AN84) -> 0 | B84: BOTA BORR. 40 cano curdo | I84: =SUM(F84+G84-E84,J84:AN84) -> 0 | M84: 0
A85: =-SUM(J85:AN85) -> 0 | B85: BOTA BORR.39 CANO CURTO | I85: =SUM(F85+G85-E85,J85:AN85) -> 0 | M85: 0
A86: =-SUM(J86:AN86) -> 0 | B86: BOTA BORRACHA 34/35 | I86: =SUM(F86+G86-E86,J86:AN86) -> 0 | M86: 0
A87: =-SUM(J87:AN87) -> 0 | B87: BOTA BORRACHA 36 | I87: =SUM(F87+G87-E87,J87:AN87) -> 0 | M87: 0
A88: =-SUM(J88:AN88) -> 0 | B88: BOTA BORRACHA 37 | I88: =SUM(F88+G88-E88,J88:AN88) -> 0 | M88: 0
A89: =-SUM(J89:AN89) -> 0 | B89: BOTA BORRACHA 38 | I89: =SUM(F89+G89-E89,J89:AN89) -> 0 | M89: 0
A90: =-SUM(J90:AN90) -> 0 | B90: BOTA BORRACHA 41 | I90: =SUM(F90+G90-E90,J90:AN90) -> 0 | M90: 0
A91: =-SUM(J91:AN91) -> 0 | B91: BOTA BORRACHA 43 | I91: =SUM(F91+G91-E91,J91:AN91) -> 0 | M91: 0
A92: =-SUM(J92:AN92) -> 0 | B92: BOTA BORRACHA 44 | I92: =SUM(F92+G92-E92,J92:AN92) -> 0 | M92: 0
A93: =-SUM(J93:AN93) -> 0 | B93: CADEIRA COLETORA DE SANGUE | I93: =SUM(F93+G93-E93,J93:AN93) -> 0 | M93: 0
A94: =-SUM(J94:AN94) -> 0 | B94: CADEIRA UNIVERSITÁRIA | I94: =SUM(F94+G94-E94,J94:AN94) -> 0 | M94: 0
A95: =-SUM(J95:AN95) -> 0 | B95: CADERNO BROCHURA 96 FLS | C95: UND | F95: 1600 | I95: =SUM(F95+G95-E95,J95:AN95) -> 1600 | M95: 0
A96: =-SUM(J96:AN96) -> 0 | B96: CADERNO BROCHURA ATA 100 FLS | C96: UND | F96: 0 | I96: =SUM(F96+G96-E96,J96:AN96) -> 0 | M96: 0
A97: =-SUM(J97:AN97) -> 0 | B97: CADERNO BROCHURA ATA 200 FLS | C97: UND | F97: 3 | I97: =SUM(F97+G97-E97,J97:AN97) -> 3 | M97: 0
A98: =-SUM(J98:AN98) -> 0 | B98: CADERNO BROCHURA ATA 50 FLS | C98: UND | F98: 0 | I98: =SUM(F98+G98-E98,J98:AN98) -> 0 | M98: 0
A99: =-SUM(J99:AN99) -> 0 | B99: CADERNO BROCHURA CAP. DURA (grande) 96 FLS | C99: UND | F99: 235 | I99: =SUM(F99+G99-E99,J99:AN99) -> 235 | M99: 0
A100: =-SUM(J100:AN100) -> 0 | B100: CADERNO PEQUENO 48FLHS | C100: UND | F100: 55 | I100: =SUM(F100+G100-E100,J100:AN100) -> 55 | M100: 0
...

Sheet VALIDADE
A1: produtos | B1: vencimento | C1: OBS:
A2: ÁLCOOL IODADO (POLVIDINE TÓPICO) | B2: 45839
A3: ETER ALCOLIZADO 35% | B3: 45870
A4: ÁGUA P/ INJEÇÃO | B4: 45931
A5: CREME PREVENTIVO | B5: 45962
A6: ETER 1LT | B6: 45992
A7: BATERIA CR 2450 | B7: 46023
A8: FITA CREPE ZEBRADA P/ AUTOCLAVE | B8: 46023
A9: gel condutor 1kg | B9: 46023
A10: SONDA URETRALN°18 | B10: 46023
A11: FIXADOR CELULAR | B11: 46054
A12: SULFADIAZINA DE PRATA | B12: 46054
A13: IODOPOLVIDINA DEGERMANTE 1L | B13: 46082
... A39: SONDA DE FOLEY N°12 | B39: 46388
A40: SONDAS NASOGASTRIGAS NUMEROS VARIADOS | B40: 46388 | C40: A VALIDADE REPRESENTA SOMENTE O ANO
A41: TUBO ENDOTRAQUEAL N°4 | B41: 46388
A42: LUVA ESTÉREO N°6 | B42: 46419
A43: MARCA TEXTO VERDE | B43: 46419
A44: BORRACHA | B44: 46447
A45: ÁGUA OXIGENADA | B45: 46569
A46: FITA CIRÚRGICA MICROPOROSA 05CM | B46: 46569
A47: SONDA DE FOLEY N°18 | B47: 46569
A48: TUBO ENDOTRAQUEAL N°8,5 | B48: 46569
A49: VASELINA LÍQUIDA 1L | B49: 46569
A50: SONDA ENDOTRAQUEAL C/ BALÃO N°5 | B50: 46572
A51: BOBINA P/ ESTERILIZAÇÃO 300X100 | B51: 46600
A52: CATEGUTE CROMADO 2 | B52: 46600
... A56: LUVA ESTÉREO N°8,5 | B56: 46722
A57: FIO AGULHA NYLON TAMANHOS VARIADOS | B57: 46753 | C57: A VALIDADE REPRESENTA SOMENTE O ANO
A58: LUVA G | B58: 46753
A59: LUVA PP | B59: 46753
A60: AGULHA HIPODÉRMICA 13x45 C/100 | B60: 46813
A61: CATEGUTE SIMPLES 2 | B61: 46813
A62: CATETER INTRAVENOSO 18 | B62: 46813
A63: LUVA P | B63: 46813
A64: TUBO ENDOTRAQUEAL N°7 | B64: 46813
A65: TUBO ENDOTRAQUEAL N°8 | B65: 46813
A66: CATETER PERIFÉRICO 18 G | B66: 46844
A67: FIO AGULHA NYLON N°0/20 | B67: 46874
A68: TUBO ENDOTRAQUEAL N°6 | B68: 46874
A69: TUBO ENDOTRAQUEAL N°3 | B69: 46905
... A94: CATETER INTRAVENOSO SIMPLES 24G | B94: 47484
A95: AGULHA HIPODÉRMICA25x7 C/100 | B95: -
A96: AGENDA PERMANENTE | B96: INDETERMINADO
A97: AGENDAMENTO DE CONSULTA | B97: INDETERMINADO
A98: OXÍMETRO ADULTO | B98: INDETERMINADO
A99: CATEGUTE CROMADO 4 | B99: não tem
A100: CATEGUTE SIMPLES 3 | B100: não tem
A101: ÁGUA SANITÁRIA 1lt
A102: ÁGUA SANITÁRIA 2L
A103: AGULHA P/ GLICOSE (LANCETA)
A104: ÁLCOOL 70%
A105: ÁLCOOOL EM GEL 70%
A106: ALFINETE COM CABEÇA
A107: ALFINETE COMUM
A108: ALGODÃO ORTOPEDICO 10CM
A109: ALGODÃO ORTOPEDICO 20CM
A110: ALMOFADA PARA CARIMBO
A111: ALMOFADA PARA CARIMBO
A112: ALMOTOLIA 250 ML
... A510: VELA DE FILTRO

Sheet DEZEMBRO-25
A1: DATA DE INÍCIO: | B1: 45963 | C1: DATA FINAL: | D1: 45964 | E1: SOMA | F1: DE | G1: ESTOQUE
A2: Produto | B2: Quantidade | C2: CLAS. | D2: Observação | E2: ENTRADA | F2: SAÍDA | G2: SUBTOTAL | H2: 01/12/2025 | I2: 02/12/2025 | J2: 03/12/2025 | K2: 04/12/2025 | L2: 05/12/2025 | M2: 06/12/2025 | N2: 07/12/2025 | O2: 08/12/2025 | P2: 09/12/2025 | Q2: 10/12/2025 | R2: 11/12/2025 | S2: 12/12/2025 | T2: 13/12/2025 | U2: 14/12/2025 | V2: 15/12/2025 | W2: 16/12/2025 | X2: 17/12/2025 | Y2: 18/12/2025 | Z2: 19/12/2025 | AA2: 20/12/2025 | AB2: 21/12/2025 | AC2: 22/12/2025 | AD2: 23/12/2025 | AE2: 24/12/2025 | AF2: 25/12/2025 | AG2: 26/12/2025 | AH2: 27/12/2025 | AI2: 28/12/2025 | AJ2: 29/12/2025 | AK2: 30/12/2025 | AL2: 31/12/2025 | AM2: SAIDA | AN2: Colunas1 | AO2: Colunas2 | AP2: Colunas3 | AQ2: Colunas4 | AR2: Colunas5 | AS2: Colunas6 | AT2: Colunas7 | AU2: Colunas8 | AV2: Colunas9 | AW2: Colunas10 | AX2: Colunas11 | AY2: Colunas12 | AZ2: Colunas13 | BA2: Colunas14 | BB2: Colunas15 | BC2: Colunas16 | BD2: Colunas17 | BE2: Colunas18 | BF2: Colunas19 | BG2: Colunas20 | BH2: Colunas21 | BI2: Colunas22 | BJ2: Colunas23 | BK2: Colunas24 | BL2: Colunas25 | BM2: Colunas26 | BN2: Colunas27 | BO2: Colunas28 | BP2: Colunas29 | BQ2: Colunas30 | BR2: Colunas31 | BS2: entrada
A3: ÁGUA SANITÁRIA 2L | B3: 64 | C3: CX | D3: C/100UN | G3: =SUM(Tabela1[[#This Row],[Quantidade]]+E3-F3+BS3-AM3) -> 64 | AM3: =SUM('DEZEMBRO-25'!$H3:$AL3) -> 0 | BS3: =SUM(AN3:BR3) -> 0
A4: AGULHA HIPODÉRMICA 13X4.5 C/100 | B4: 60 | C4: CX | D4: C/100UN | G4: =SUM(Tabela1[[#This Row],[Quantidade]]+E4-F4+BS4-AM4) -> 60 | AM4: =SUM('DEZEMBRO-25'!$H4:$AL4) -> 0 | BS4: =SUM(AN4:BR4) -> 0
A5: AGULHA HIPODÉRMICA 20X5.5 C/100 | B5: 60 | C5: CX | D5: C/100UN | G5: =SUM(Tabela1[[#This Row],[Quantidade]]+E5-F5+BS5-AM5) -> 60 | AM5: =SUM('DEZEMBRO-25'!$H5:$AL5) -> 0 | BS5: =SUM(AN5:BR5) -> 0
A6: AGULHA HIPODÉRMICA 25X8 C/100 | B6: 71 | C6: CX | D6: C/100UN | G6: =SUM(Tabela1[[#This Row],[Quantidade]]+E6-F6+BS6-AM6) -> 71 | AM6: =SUM('DEZEMBRO-25'!$H6:$AL6) -> 0 | BS6: =SUM(AN6:BR6) -> 0
A7: AGULHA HIPODÉRMICA 40X12 C/100 | B7: 20 | C7: CX | D7: C/100UN | G7: =SUM(Tabela1[[#This Row],[Quantidade]]+E7-F7+BS7-AM7) -> 20 | AM7: =SUM('DEZEMBRO-25'!$H7:$AL7) -> 0 | BS7: =SUM(AN7:BR7) -> 0
A8: ÁLCOOL | B8: TEM MUITO | C8: TEM MUITO | D8: TEM MUITO | G8: =SUM(Tabela1[[#This Row],[Quantidade]]+E8-F8+BS8-AM8) -> #VALUE! | AM8: =SUM('DEZEMBRO-25'!$H8:$AL8) -> 0 | BS8: =SUM(AN8:BR8) -> 0
A9: ALGODÃO HIDRÓFILO | B9: 125 | C9: UND | D9: 500G | G9: =SUM(Tabela1[[#This Row],[Quantidade]]+E9-F9+BS9-AM9) -> 125 | AM9: =SUM('DEZEMBRO-25'!$H9:$AL9) -> 0 | BS9: =SUM(AN9:BR9) -> 0
A10: ALGODÃO ORTOPÉDICO 10CM | B10: 0 | C10: 0 | D10: 0 | G10: =SUM(Tabela1[[#This Row],[Quantidade]]+E10-F10+BS10-AM10) -> 0 | AM10: =SUM('DEZEMBRO-25'!$H10:$AL10) -> 0 | BS10: =SUM(AN10:BR10) -> 0
A11: ALGODÃO ORTOPÉDICO 20CM | B11: 100 | C11: UND | D11: OLHAR COM ZE MARIA | G11: =SUM(Tabela1[[#This Row],[Quantidade]]+E11-F11+BS11-AM11) -> 100 | AM11: =SUM('DEZEMBRO-25'!$H11:$AL11) -> 0 | BS11: =SUM(AN11:BR11) -> 0
A12: ALMOTOLIA 250 ML | B12: 100 | C12: UND | D12: NÃO SAI | G12: =SUM(Tabela1[[#This Row],[Quantidade]]+E12-F12+BS12-AM12) -> 100 | AM12: =SUM('DEZEMBRO-25'!$H12:$AL12) -> 0 | BS12: =SUM(AN12:BR12) -> 0
A13: ALMOTOLIA 500 ML | B13: 0 | C13: 0 | D13: 0 | G13: =SUM(Tabela1[[#This Row],[Quantidade]]+E13-F13+BS13-AM13) -> 0 | AM13: =SUM('DEZEMBRO-25'!$H13:$AL13) -> 0 | BS13: =SUM(AN13:BR13) -> 0
A14: APARELHO MEDIDOR GLICOSE (GLICOSÍMETRO) | B14: CONTAR | C14: CONTAR | D14: CONTAR | G14: =SUM(Tabela1[[#This Row],[Quantidade]]+E14-F14+BS14-AM14) -> #VALUE! | AM14: =SUM('DEZEMBRO-25'!$H14:$AL14) -> 0 | BS14: =SUM(AN14:BR14) -> 0
A15: ATADURA CREPE 10CM | B15: 90 | C15: PCT | D15: SAI MUITO | G15: =SUM(Tabela1[[#This Row],[Quantidade]]+E15-F15+BS15-AM15) -> 90 | AM15: =SUM('DEZEMBRO-25'!$H15:$AL15) -> 0 | BS15: =SUM(AN15:BR15) -> 0
A16: ATADURA CREPE 15CM | B16: 69 | C16: PCT | D16: SAI MUITO | G16: =SUM(Tabela1[[#This Row],[Quantidade]]+E16-F16+BS16-AM16) -> 69 | AM16: =SUM('DEZEMBRO-25'!$H16:$AL16) -> 0 | BS16: =SUM(AN16:BR16) -> 0
A17: ATADURA CREPE 20CM | B17: 34 | C17: PCT | D17: SAI MUITO | G17: =SUM(Tabela1[[#This Row],[Quantidade]]+E17-F17+BS17-AM17) -> 34 | AM17: =SUM('DEZEMBRO-25'!$H17:$AL17) -> 0 | BS17: =SUM(AN17:BR17) -> 0
A18: ATADURA DE ALGODÃO 10CM | B18: 0 | C18: 0 | D18: OLHAR COM ZE MARIA | G18: =SUM(Tabela1[[#This Row],[Quantidade]]+E18-F18+BS18-AM18) -> 0 | AM18: =SUM('DEZEMBRO-25'!$H18:$AL18) -> 0 | BS18: =SUM(AN18:BR18) -> 0
A19: ATADURA DE ALGODÃO 15CM | B19: 0 | C19: 0 | D19: OLHAR COM ZE MARIA | G19: =SUM(Tabela1[[#This Row],[Quantidade]]+E19-F19+BS19-AM19) -> 0 | AM19: =SUM('DEZEMBRO-25'!$H19:$AL19) -> 0 | BS19: =SUM(AN19:BR19) -> 0
A20: ATADURA DE ALGODÃO 20CM | B20: 0 | C20: 0 | D20: OLHAR COM ZE MARIA | G20: =SUM(Tabela1[[#This Row],[Quantidade]]+E20-F20+BS20-AM20) -> 0 | AM20: =SUM('DEZEMBRO-25'!$H20:$AL20) -> 0 | BS20: =SUM(AN20:BR20) -> 0
A21: BATERIA GLICOSE (GLICOSÍMETRO) | B21: 5 | C21: UND | D21: COMPRAR | G21: =SUM(Tabela1[[#This Row],[Quantidade]]+E21-F21+BS21-AM21) -> 5 | AM21: =SUM('DEZEMBRO-25'!$H21:$AL21) -> 0 | BS21: =SUM(AN21:BR21) -> 0
A22: BOLSA COLETORA DE URINA | B22: 0 | C22: UND | D22: COMPRA | G22: =SUM(Tabela1[[#This Row],[Quantidade]]+E22-F22+BS22-AM22) -> 0 | AM22: =SUM('DEZEMBRO-25'!$H22:$AL22) -> 0 | BS22: =SUM(AN22:BR22) -> 0
A23: BOM AR | B23: 5 | C23: UND | D23: COMPRAR | G23: =SUM(Tabela1[[#This Row],[Quantidade]]+E23-F23+BS23-AM23) -> 5 | AM23: =SUM('DEZEMBRO-25'!$H23:$AL23) -> 0 | BS23: =SUM(AN23:BR23) -> 0
A24: CADERNO BROCHURA CAP. DURA (grande) | B24: 90 | C24: UND | D24: MAIS 220 DE CAPA MOLE | G24: =SUM(Tabela1[[#This Row],[Quantidade]]+E24-F24+BS24-AM24) -> 90 | AM24: =SUM('DEZEMBRO-25'!$H24:$AL24) -> 0 | BS24: =SUM(AN24:BR24) -> 0
A25: CAIXA BOX | B25: 10 | C25: UND | D25: OLHAR COM RUAM | G25: =SUM(Tabela1[[#This Row],[Quantidade]]+E25-F25+BS25-AM25) -> 10 | AM25: =SUM('DEZEMBRO-25'!$H25:$AL25) -> 0 | BS25: =SUM(AN25:BR25) -> 0
A26: CANETA PARA RETROPROJETOR AZUL | B26: 0 | C26: 0 | D26: 0 | G26: =SUM(Tabela1[[#This Row],[Quantidade]]+E26-F26+BS26-AM26) -> 0 | AM26: =SUM('DEZEMBRO-25'!$H26:$AL26) -> 0 | BS26: =SUM(AN26:BR26) -> 0
A27: CANETA PARA RETROPROJETOR PRETA | B27: 0 | C27: 0 | D27: 0 | G27: =SUM(Tabela1[[#This Row],[Quantidade]]+E27-F27+BS27-AM27) -> 0 | AM27: =SUM('DEZEMBRO-25'!$H27:$AL27) -> 0 | BS27: =SUM(AN27:BR27) -> 0
A28: CANETA PARA RETROPROJETOR VERMELHO | B28: 0 | C28: 0 | D28: 0 | G28: =SUM(Tabela1[[#This Row],[Quantidade]]+E28-F28+BS28-AM28) -> 0 | AM28: =SUM('DEZEMBRO-25'!$H28:$AL28) -> 0 | BS28: =SUM(AN28:BR28) -> 0
A29: CATETER PERIFÉRICO 14G | B29: 6 | C29: CX | D29: C/100UN | G29: =SUM(Tabela1[[#This Row],[Quantidade]]+E29-F29+BS29-AM29) -> 6 | AM29: =SUM('DEZEMBRO-25'!$H29:$AL29) -> 0 | BS29: =SUM(AN29:BR29) -> 0
A30: CATETER PERIFÉRICO 20G | B30: 27 | C30: CX | D30: C/100UN | G30: =SUM(Tabela1[[#This Row],[Quantidade]]+E30-F30+BS30-AM30) -> 27 | AM30: =SUM('DEZEMBRO-25'!$H30:$AL30) -> 0 | BS30: =SUM(AN30:BR30) -> 0
A31: CATETER PERIFÉRICO 22G (PONTA AZUL) | B31: 49 | C31: CX | D31: C/100UN | G31: =SUM(Tabela1[[#This Row],[Quantidade]]+E31-F31+BS31-AM31) -> 49 | AM31: =SUM('DEZEMBRO-25'!$H31:$AL31) -> 0 | BS31: =SUM(AN31:BR31) -> 0
A32: CATETER PERIFÉRICO 24G | B32: 12 | C32: CX | D32: C/100UN | G32: =SUM(Tabela1[[#This Row],[Quantidade]]+E32-F32+BS32-AM32) -> 12 | AM32: =SUM('DEZEMBRO-25'!$H32:$AL32) -> 0 | BS32: =SUM(AN32:BR32) -> 0
A33: CLIPES N° 2 (p) | B33: 3 | C33: CX | D33: QUANTIDADES VARIADAS | G33: =SUM(Tabela1[[#This Row],[Quantidade]]+E33-F33+BS33-AM33) -> 3 | AM33: =SUM('DEZEMBRO-25'!$H33:$AL33) -> 0 | BS33: =SUM(AN33:BR33) -> 0
A34: CLIPES N° 6 (G) | B34: 7 | C34: CX | D34: QUANTIDADES VARIADAS | G34: =SUM(Tabela1[[#This Row],[Quantidade]]+E34-F34+BS34-AM34) -> 7 | AM34: =SUM('DEZEMBRO-25'!$H34:$AL34) -> 0 | BS34: =SUM(AN34:BR34) -> 0
A35: COADOR G | B35: 0 | C35: 0 | D35: 0 | G35: =SUM(Tabela1[[#This Row],[Quantidade]]+E35-F35+BS35-AM35) -> 0 | AM35: =SUM('DEZEMBRO-25'!$H35:$AL35) -> 0 | BS35: =SUM(AN35:BR35) -> 0
A36: COADOR M | B36: 0 | C36: 0 | D36: 0 | G36: =SUM(Tabela1[[#This Row],[Quantidade]]+E36-F36+BS36-AM36) -> 0 | AM36: =SUM('DEZEMBRO-25'!$H36:$AL36) -> 0 | BS36: =SUM(AN36:BR36) -> 0
A37: COLAR CERVICAL MÉDIO | B37: 0 | C37: 0 | D37: VER COM ZÉ MARIA | G37: =SUM(Tabela1[[#This Row],[Quantidade]]+E37-F37+BS37-AM37) -> 0 | AM37: =SUM('DEZEMBRO-25'!$H37:$AL37) -> 0 | BS37: =SUM(AN37:BR37) -> 0
A38: COMPRESSA DE GAZE (PCTO) | B38: TEM MUITO | C38: TEM MUITO | D38: TEM MUITO | G38: =SUM(Tabela1[[#This Row],[Quantidade]]+E38-F38+BS38-AM38) -> #VALUE! | AM38: =SUM('DEZEMBRO-25'!$H38:$AL38) -> 0 | BS38: =SUM(AN38:BR38) -> 0
A39: COMPRESSA DE GAZE 7.5x7.5cm (estéreo) | B39: 450 | C39: UND | D39: COMPRA | G39: =SUM(Tabela1[[#This Row],[Quantidade]]+E39-F39+BS39-AM39) -> 450 | AM39: =SUM('DEZEMBRO-25'!$H39:$AL39) -> 0 | BS39: =SUM(AN39:BR39) -> 0
A40: COPO DESCARTÁVEL | B40: TEM MUITO | C40: TEM MUITO | D40: TEM MUITO | G40: =SUM(Tabela1[[#This Row],[Quantidade]]+E40-F40+BS40-AM40) -> #VALUE! | AM40: =SUM('DEZEMBRO-25'!$H40:$AL40) -> 0 | BS40: =SUM(AN40:BR40) -> 0
A41: CORRETIVO LÍQUIDO | B41: 15 | C41: UND | D41: SEM OBSERVAÇÃO | G41: =SUM(Tabela1[[#This Row],[Quantidade]]+E41-F41+BS41-AM41) -> 15 | AM41: =SUM('DEZEMBRO-25'!$H41:$AL41) -> 0 | BS41: =SUM(AN41:BR41) -> 0
A42: DESINFETANTE | B42: 270 | C42: UND | D42: 2L | G42: =SUM(Tabela1[[#This Row],[Quantidade]]+E42-F42+BS42-AM42) -> 270 | AM42: =SUM('DEZEMBRO-25'!$H42:$AL42) -> 0 | BS42: =SUM(AN42:BR42) -> 0
A43: DETERGENTE | B43: 451 | C43: UND | D43: APROXIMADO | G43: =SUM(Tabela1[[#This Row],[Quantidade]]+E43-F43+BS43-AM43) -> 451 | AM43: =SUM('DEZEMBRO-25'!$H43:$AL43) -> 0 | BS43: =SUM(AN43:BR43) -> 0
A44: ELÁSTICA | B44: TEM MUITO | C44: TEM MUITO | D44: TEM MUITO | G44: =SUM(Tabela1[[#This Row],[Quantidade]]+E44-F44+BS44-AM44) -> #VALUE! | AM44: =SUM('DEZEMBRO-25'!$H44:$AL44) -> 0 | BS44: =SUM(AN44:BR44) -> 0
A45: ELETRODO 5/50 | B45: 20 | C45: PCT | D45: C/50UN | G45: =SUM(Tabela1[[#This Row],[Quantidade]]+E45-F45+BS45-AM45) -> 20 | AM45: =SUM('DEZEMBRO-25'!$H45:$AL45) -> 0 | BS45: =SUM(AN45:BR45) -> 0
A46: ENVELOPE A4 | B46: TEM MUITO | C46: TEM MUITO | D46: TEM MUITO | G46: =SUM(Tabela1[[#This Row],[Quantidade]]+E46-F46+BS46-AM46) -> #VALUE! | AM46: =SUM('DEZEMBRO-25'!$H46:$AL46) -> 0 | BS46: =SUM(AN46:BR46) -> 0
A47: EQUIPO DE NUTRIÇÃO ENTERAL | B47: 10 | C47: PCT | D47: C/20 UM | G47: =SUM(Tabela1[[#This Row],[Quantidade]]+E47-F47+BS47-AM47) -> 10 | AM47: =SUM('DEZEMBRO-25'!$H47:$AL47) -> 0 | BS47: =SUM(AN47:BR47) -> 0
A48: EQUIPO MACROGOTAS-COMPLETO | B48: 1900 | C48: UND | D48: DE COLOCAR SORO | G48: =SUM(Tabela1[[#This Row],[Quantidade]]+E48-F48+BS48-AM48) -> 1900 | AM48: =SUM('DEZEMBRO-25'!$H48:$AL48) -> 0 | BS48: =SUM(AN48:BR48) -> 0
A49: EQUIPO MICRO C/ BURETA | B49: 300 | C49: UND | D49: OLHAR COM ZE MARIA | G49: =SUM(Tabela1[[#This Row],[Quantidade]]+E49-F49+BS49-AM49) -> 300 | AM49: =SUM('DEZEMBRO-25'!$H49:$AL49) -> 0 | BS49: =SUM(AN49:BR49) -> 0
A50: EQUIPO MULTIVIAS C/CLAMP | B50: 245 | C50: UND | D50: DEPENTEDA SITUAÇÃO | G50: =SUM(Tabela1[[#This Row],[Quantidade]]+E50-F50+BS50-AM50) -> 245 | AM50: =SUM('DEZEMBRO-25'!$H50:$AL50) -> 0 | BS50: =SUM(AN50:BR50) -> 0
A51: EQUIPO TORNEIRA 3 VIAS LUER SIMPLES | B51: 0 | C51: 0 | D51: 0 | G51: =SUM(Tabela1[[#This Row],[Quantidade]]+E51-F51+BS51-AM51) -> 0 | AM51: =SUM('DEZEMBRO-25'!$H51:$AL51) -> 0 | BS51: =SUM(AN51:BR51) -> 0
A52: ESCOVA DE LAVAR | B52: 0 | C52: 0 | D52: 0 | G52: =SUM(Tabela1[[#This Row],[Quantidade]]+E52-F52+BS52-AM52) -> 0 | AM52: =SUM('DEZEMBRO-25'!$H52:$AL52) -> 0 | BS52: =SUM(AN52:BR52) -> 0
A53: ESPARADRAPOS 10CMX4.5 | B53: 221 | C53: UND | D53: SAI MUITO | G53: =SUM(Tabela1[[#This Row],[Quantidade]]+E53-F53+BS53-AM53) -> 221 | AM53: =SUM('DEZEMBRO-25'!$H53:$AL53) -> 0 | BS53: =SUM(AN53:BR53) -> 0
A54: ESPARADRAPOS 5CMX4.5 | B54: 108 | C54: UND | D54: SAIDA REGULAR | G54: =SUM(Tabela1[[#This Row],[Quantidade]]+E54-F54+BS54-AM54) -> 108 | AM54: =SUM('DEZEMBRO-25'!$H54:$AL54) -> 0 | BS54: =SUM(AN54:BR54) -> 0
A55: ESTERELIZADO 35% | B55: TEM MUITO | C55: TEM MUITO | D55: TEM MUITO | G55: =SUM(Tabela1[[#This Row],[Quantidade]]+E55-F55+BS55-AM55) -> #VALUE! | AM55: =SUM('DEZEMBRO-25'!$H55:$AL55) -> 0 | BS55: =SUM(AN55:BR55) -> 0
A56: ESTILETE C/12 LÂMINA MAIOR | B56: 28 | C56: UND | D56: NÃO SAI | G56: =SUM(Tabela1[[#This Row],[Quantidade]]+E56-F56+BS56-AM56) -> 28 | AM56: =SUM('DEZEMBRO-25'!$H56:$AL56) -> 0 | BS56: =SUM(AN56:BR56) -> 0
A57: EXTRATOR DE GRAMPO C/12 | B57: 120 UN | C57: UND | D57: NÃO SAI | G57: =SUM(Tabela1[[#This Row],[Quantidade]]+E57-F57+BS57-AM57) -> #VALUE! | AM57: =SUM('DEZEMBRO-25'!$H57:$AL57) -> 0 | BS57: =SUM(AN57:BR57) -> 0
A58: FITA CIRÚRGICA MICROPOROSA 05CM | B58: 324 | C58: UND | D58: SAIDA REGULAR | G58: =SUM(Tabela1[[#This Row],[Quantidade]]+E58-F58+BS58-AM58) -> 324 | AM58: =SUM('DEZEMBRO-25'!$H58:$AL58) -> 0 | BS58: =SUM(AN58:BR58) -> 0
A59: FITA CIRÚRGICA MICROPOROSA 10CM | B59: 0 | C59: UND | D59: SAI MUITO | G59: =SUM(Tabela1[[#This Row],[Quantidade]]+E59-F59+BS59-AM59) -> 0 | AM59: =SUM('DEZEMBRO-25'!$H59:$AL59) -> 0 | BS59: =SUM(AN59:BR59) -> 0
A60: FITA CREPE | B60: 0 | C60: 0 | D60: FICAR DE OLHO | G60: =SUM(Tabela1[[#This Row],[Quantidade]]+E60-F60+BS60-AM60) -> 0 | AM60: =SUM('DEZEMBRO-25'!$H60:$AL60) -> 0 | BS60: =SUM(AN60:BR60) -> 0
A61: FITA DUPLAFACE | B61: 0 | C61: 0 | D61: 0 | G61: =SUM(Tabela1[[#This Row],[Quantidade]]+E61-F61+BS61-AM61) -> 0 | AM61: =SUM('DEZEMBRO-25'!$H61:$AL61) -> 0 | BS61: =SUM(AN61:BR61) -> 0
A62: FITA DUREX LARGA | B62: 0 | C62: 0 | D62: 0 | G62: =SUM(Tabela1[[#This Row],[Quantidade]]+E62-F62+BS62-AM62) -> 0 | AM62: =SUM('DEZEMBRO-25'!$H62:$AL62) -> 0 | BS62: =SUM(AN62:BR62) -> 0
A63: FITA MÉTRICA | B63: 0 | C63: 0 | D63: 0 | G63: =SUM(Tabela1[[#This Row],[Quantidade]]+E63-F63+BS63-AM63) -> 0 | AM63: =SUM('DEZEMBRO-25'!$H63:$AL63) -> 0 | BS63: =SUM(AN63:BR63) -> 0
A64: FLANELA | B64: 0 | C64: 0 | D64: 0 | G64: =SUM(Tabela1[[#This Row],[Quantidade]]+E64-F64+BS64-AM64) -> 0 | AM64: =SUM('DEZEMBRO-25'!$H64:$AL64) -> 0 | BS64: =SUM(AN64:BR64) -> 0
A65: GRAMPEADOR | B65: 0 | C65: 0 | D65: 0 | G65: =SUM(Tabela1[[#This Row],[Quantidade]]+E65-F65+BS65-AM65) -> 0 | AM65: =SUM('DEZEMBRO-25'!$H65:$AL65) -> 0 | BS65: =SUM(AN65:BR65) -> 0
A66: GRAMPO 26/6 | B66: 25 | C66: CX | D66: NÃO SAI | G66: =SUM(Tabela1[[#This Row],[Quantidade]]+E66-F66+BS66-AM66) -> 25 | AM66: =SUM('DEZEMBRO-25'!$H66:$AL66) -> 0 | BS66: =SUM(AN66:BR66) -> 0
A67: JALECO DESCARTÁVEL MANGA LONGA | B67: 0 | C67: 0 | D67: 0 | G67: =SUM(Tabela1[[#This Row],[Quantidade]]+E67-F67+BS67-AM67) -> 0 | AM67: =SUM('DEZEMBRO-25'!$H67:$AL67) -> 0 | BS67: =SUM(AN67:BR67) -> 0
A68: LÂMPADA | B68: 25 | C68: UND | D68: SAIDA REGULAR | G68: =SUM(Tabela1[[#This Row],[Quantidade]]+E68-F68+BS68-AM68) -> 25 | AM68: =SUM('DEZEMBRO-25'!$H68:$AL68) -> 0 | BS68: =SUM(AN68:BR68) -> 0
A69: LIXEIRA COM TAMPA E PEDAL 10LT | B69: 0 | C69: 0 | D69: 0 | G69: =SUM(Tabela1[[#This Row],[Quantidade]]+E69-F69+BS69-AM69) -> 0 | AM69: =SUM('DEZEMBRO-25'!$H69:$AL69) -> 0 | BS69: =SUM(AN69:BR69) -> 0
A70: LUVA N/ESTÉRIL G | B70: TEM MUITO | C70: TEM MUITO | D70: TEM MUITO | G70: =SUM(Tabela1[[#This Row],[Quantidade]]+E70-F70+BS70-AM70) -> #VALUE! | AM70: =SUM('DEZEMBRO-25'!$H70:$AL70) -> 0 | BS70: =SUM(AN70:BR70) -> 0
A71: LUVA N/ESTÉRIL M | B71: 150 | C71: UND | D71: SAI MUITO | G71: =SUM(Tabela1[[#This Row],[Quantidade]]+E71-F71+BS71-AM71) -> 150 | AM71: =SUM('DEZEMBRO-25'!$H71:$AL71) -> 0 | BS71: =SUM(AN71:BR71) -> 0
A72: LUVA N/ESTÉRIL P | B72: TEM MUITO | C72: TEM MUITO | D72: TEM MUITO | G72: =SUM(Tabela1[[#This Row],[Quantidade]]+E72-F72+BS72-AM72) -> #VALUE! | AM72: =SUM('DEZEMBRO-25'!$H72:$AL72) -> 0 | BS72: =SUM(AN72:BR72) -> 0
A73: LUVA N/ESTÉRIL PP | B73: TEM MUITO | C73: TEM MUITO | D73: TEM MUITO | G73: =SUM(Tabela1[[#This Row],[Quantidade]]+E73-F73+BS73-AM73) -> #VALUE! | AM73: =SUM('DEZEMBRO-25'!$H73:$AL73) -> 0 | BS73: =SUM(AN73:BR73) -> 0
A74: LUVA N/ESTÉRIL PP | B74: TEM MUITO | C74: TEM MUITO | D74: TEM MUITO | G74: =SUM(Tabela1[[#This Row],[Quantidade]]+E74-F74+BS74-AM74) -> #VALUE! | AM74: =SUM('DEZEMBRO-25'!$H74:$AL74) -> 0 | BS74: =SUM(AN74:BR74) -> 0
A75: MACADOR PRETO | B75: 0 | C75: 0 | D75: 0 | G75: =SUM(Tabela1[[#This Row],[Quantidade]]+E75-F75+BS75-AM75) -> 0 | AM75: =SUM('DEZEMBRO-25'!$H75:$AL75) -> 0 | BS75: =SUM(AN75:BR75) -> 0
A76: MARCA TEXTO | B76: 0 | C76: 0 | D76: 0 | G76: =SUM(Tabela1[[#This Row],[Quantidade]]+E76-F76+BS76-AM76) -> 0 | AM76: =SUM('DEZEMBRO-25'!$H76:$AL76) -> 0 | BS76: =SUM(AN76:BR76) -> 0
A77: ÓLEO CICATRIZANTE 100ML (GIRASSOL) | B77: 0 | C77: 0 | D77: 0 | G77: =SUM(Tabela1[[#This Row],[Quantidade]]+E77-F77+BS77-AM77) -> 0 | AM77: =SUM('DEZEMBRO-25'!$H77:$AL77) -> 0 | BS77: =SUM(AN77:BR77) -> 0
A78: ÓLEO CICATRIZANTE 200ML (GIRASSOL) | B78: 0 | C78: 0 | D78: 0 | G78: =SUM(Tabela1[[#This Row],[Quantidade]]+E78-F78+BS78-AM78) -> 0 | AM78: =SUM('DEZEMBRO-25'!$H78:$AL78) -> 0 | BS78: =SUM(AN78:BR78) -> 0
A79: OTOSCÓPIO | B79: 11 | C79: UND | D79: NÃO SAI | G79: =SUM(Tabela1[[#This Row],[Quantidade]]+E79-F79+BS79-AM79) -> 11 | AM79: =SUM('DEZEMBRO-25'!$H79:$AL79) -> 0 | BS79: =SUM(AN79:BR79) -> 0
A80: PÁ DE LIXO | B80: 0 | C80: 0 | D80: 0 | G80: =SUM(Tabela1[[#This Row],[Quantidade]]+E80-F80+BS80-AM80) -> 0 | AM80: =SUM('DEZEMBRO-25'!$H80:$AL80) -> 0 | BS80: =SUM(AN80:BR80) -> 0
A81: PANO DE PRATO | B81: 0 | D81: COMPRAS | G81: =SUM(Tabela1[[#This Row],[Quantidade]]+E81-F81+BS81-AM81) -> 0 | AM81: =SUM('DEZEMBRO-25'!$H81:$AL81) -> 0 | BS81: =SUM(AN81:BR81) -> 0
A82: PILHA AAA (COMUN) | B82: 0 | C82: O | D82: O | G82: =SUM(Tabela1[[#This Row],[Quantidade]]+E82-F82+BS82-AM82) -> 0 | AM82: =SUM('DEZEMBRO-25'!$H82:$AL82) -> 0 | BS82: =SUM(AN82:BR82) -> 0
A83: PILHA AAA (PALITO) | B83: 0 | C83: O | D83: O | G83: =SUM(Tabela1[[#This Row],[Quantidade]]+E83-F83+BS83-AM83) -> 0 | AM83: =SUM('DEZEMBRO-25'!$H83:$AL83) -> 0 | BS83: =SUM(AN83:BR83) -> 0
A84: PISTOLA COLA QUENTE GRANDE | B84: 0 | C84: O | D84: O | G84: =SUM(Tabela1[[#This Row],[Quantidade]]+E84-F84+BS84-AM84) -> 0 | AM84: =SUM('DEZEMBRO-25'!$H84:$AL84) -> 0 | BS84: =SUM(AN84:BR84) -> 0
A85: PORTA CANETA | B85: 0 | C85: O | D85: O | G85: =SUM(Tabela1[[#This Row],[Quantidade]]+E85-F85+BS85-AM85) -> 0 | AM85: =SUM('DEZEMBRO-25'!$H85:$AL85) -> 0 | BS85: =SUM(AN85:BR85) -> 0
A86: PRANCHETA | B86: 0 | C86: O | D86: O | G86: =SUM(Tabela1[[#This Row],[Quantidade]]+E86-F86+BS86-AM86) -> 0 | AM86: =SUM('DEZEMBRO-25'!$H86:$AL86) -> 0 | BS86: =SUM(AN86:BR86) -> 0
A87: PURIFICADOR | B87: 0 | C87: O | D87: O | G87: =SUM(Tabela1[[#This Row],[Quantidade]]+E87-F87+BS87-AM87) -> 0 | AM87: =SUM('DEZEMBRO-25'!$H87:$AL87) -> 0 | BS87: =SUM(AN87:BR87) -> 0
A88: REGUA 30 CM | B88: TEM MUITO | C88: TEM MUITO | D88: TEM MUITO | G88: =SUM(Tabela1[[#This Row],[Quantidade]]+E88-F88+BS88-AM88) -> #VALUE! | AM88: =SUM('DEZEMBRO-25'!$H88:$AL88) -> 0 | BS88: =SUM(AN88:BR88) -> 0
A89: SABÃO LÍQUIDO | B89: 51 | C89: UND | D89: SAIDA REGULAR | G89: =SUM(Tabela1[[#This Row],[Quantidade]]+E89-F89+BS89-AM89) -> 51 | AM89: =SUM('DEZEMBRO-25'!$H89:$AL89) -> 0 | BS89: =SUM(AN89:BR89) -> 0
A90: SACO DE LIXO 100lt | B90: 70 | C90: PCT | D90: SAI MUITO | G90: =SUM(Tabela1[[#This Row],[Quantidade]]+E90-F90+BS90-AM90) -> 70 | AM90: =SUM('DEZEMBRO-25'!$H90:$AL90) -> 0 | BS90: =SUM(AN90:BR90) -> 0
A91: SCALP 23G | B91: 33 | C91: CX | D91: NÃO SAI | G91: =SUM(Tabela1[[#This Row],[Quantidade]]+E91-F91+BS91-AM91) -> 33 | AM91: =SUM('DEZEMBRO-25'!$H91:$AL91) -> 0 | BS91: =SUM(AN91:BR91) -> 0
A92: SERINGA HIPODÉRMICA 20ML | B92: 0 | C92: 0 | D92: 0 | G92: =SUM(Tabela1[[#This Row],[Quantidade]]+E92-F92+BS92-AM92) -> 0 | AM92: =SUM('DEZEMBRO-25'!$H92:$AL92) -> 0 | BS92: =SUM(AN92:BR92) -> 0
A93: SERINGA HIPODÉRMICA 3ML | B93: TEM MUITO | C93: TEM MUITO | D93: TEM MUITO | G93: =SUM(Tabela1[[#This Row],[Quantidade]]+E93-F93+BS93-AM93) -> #VALUE! | AM93: =SUM('DEZEMBRO-25'!$H93:$AL93) -> 0 | BS93: =SUM(AN93:BR93) -> 0
A94: SERINGA P/INSULINA 1ML | B94: FICAR DE OLHO | C94: FICAR DE OLHO | D94: FICAR DE OLHO | G94: =SUM(Tabela1[[#This Row],[Quantidade]]+E94-F94+BS94-AM94) -> #VALUE! | AM94: =SUM('DEZEMBRO-25'!$H94:$AL94) -> 0 | BS94: =SUM(AN94:BR94) -> 0
A95: SONDA DE FOLEY 14 | B95: NÃO SAI | C95: NÃO SAI | D95: NÃO SAI | G95: =SUM(Tabela1[[#This Row],[Quantidade]]+E95-F95+BS95-AM95) -> #VALUE! | AM95: =SUM('DEZEMBRO-25'!$H95:$AL95) -> 0 | BS95: =SUM(AN95:BR95) -> 0
A96: SONDA URETRAL N°10 | B96: 50 | C96: UND | D96: NÃO SAI | G96: =SUM(Tabela1[[#This Row],[Quantidade]]+E96-F96+BS96-AM96) -> 50 | AM96: =SUM('DEZEMBRO-25'!$H96:$AL96) -> 0 | BS96: =SUM(AN96:BR96) -> 0
A97: SONDA URETRAL N°12 | B97: 1370 UN | C97: UND | D97: SAI MUITO | G97: =SUM(Tabela1[[#This Row],[Quantidade]]+E97-F97+BS97-AM97) -> #VALUE! | AM97: =SUM('DEZEMBRO-25'!$H97:$AL97) -> 0 | BS97: =SUM(AN97:BR97) -> 0
A98: SONDA URETRAL N°14 | B98: 0 | C98: 0 | D98: OLHAR COM ZE MARIA | G98: =SUM(Tabela1[[#This Row],[Quantidade]]+E98-F98+BS98-AM98) -> 0 | AM98: =SUM('DEZEMBRO-25'!$H98:$AL98) -> 0 | BS98: =SUM(AN98:BR98) -> 0
A99: SONDA URETRAL N°14 TRANSF. MARROM GÁS ETO | B99: 100 | C99: UND | D99: OLHAR COM ZE MARIA | G99: =SUM(Tabela1[[#This Row],[Quantidade]]+E99-F99+BS99-AM99) -> 100 | AM99: =SUM('DEZEMBRO-25'!$H99:$AL99) -> 0 | BS99: =SUM(AN99:BR99) -> 0
A100: SORO 100 ML | B100: 1860 | C100: UND | D100: SAIDA REGULAR | G100: =SUM(Tabela1[[#This Row],[Quantidade]]+E100-F100+BS100-AM100) -> 1860 | AM100: =SUM('DEZEMBRO-25'!$H100:$AL100) -> 0 | BS100: =SUM(AN100:BR100) -> 0
...

Sheet 1-26
A1: ='DEZEMBRO-25'!A1 -> DATA DE INÍCIO: | B1: ='DEZEMBRO-25'!G1 -> ESTOQUE | C1: ='DEZEMBRO-25'!C1 -> DATA FINAL: | D1: ='DEZEMBRO-25'!D1 -> 45964 | E1: SOMA | F1: DE | G1: ESTOQUE | H1: 01/12/2025 | I1: 02/12/2025 | J1: 03/12/2025 | K1: 04/12/2025 | L1: 05/12/2025 | M1: 06/12/2025 | N1: 07/12/2025 | O1: 08/12/2025 | P1: 09/12/2025 | Q1: 10/12/2025 | R1: 11/12/2025 | S1: 12/12/2025 | T1: 13/12/2025 | U1: 14/12/2025 | V1: 15/12/2025 | W1: 16/12/2025 | X1: 17/12/2025 | Y1: 18/12/2025 | Z1: 19/12/2025 | AA1: 20/12/2025 | AB1: 21/12/2025 | AC1: 22/12/2025 | AD1: 23/12/2025 | AE1: 24/12/2025 | AF1: 25/12/2025 | AG1: 26/12/2025 | AH1: 27/12/2025 | AI1: 28/12/2025 | AJ1: 29/12/2025 | AK1: 30/12/2025 | AL1: 31/12/2025 | AM1: SAIDA | AN1: 01/12/2025 | AO1: 02/12/2025 | AP1: 03/12/2025 | AQ1: 04/12/2025 | AR1: 05/12/2025 | AS1: 06/12/2025 | AT1: 07/12/2025 | AU1: 08/12/2025 | AV1: 09/12/2025 | AW1: 10/12/2025 | AX1: 11/12/2025 | AY1: 12/12/2025 | AZ1: 13/12/2025 | BA1: 14/12/2025 | BB1: 15/12/2025 | BC1: 16/12/2025 | BD1: 17/12/2025 | BE1: 18/12/2025 | BF1: 19/12/2025 | BG1: 20/12/2025 | BH1: 21/12/2025 | BI1: 22/12/2025 | BJ1: 23/12/2025 | BK1: 24/12/2025 | BL1: 25/12/2025 | BM1: 26/12/2025 | BN1: 27/12/2025 | BO1: 28/12/2025 | BP1: 29/12/2025 | BQ1: 30/12/2025 | BR1: 31/12/2025 | BS1: ENTRADA
A2: ='DEZEMBRO-25'!A2 -> Produto | B2: ='DEZEMBRO-25'!G2 -> SUBTOTAL | C2: ='DEZEMBRO-25'!C2 -> CLAS. | D2: ='DEZEMBRO-25'!D2 -> Observação | E2: ENTRADA | F2: SAÍDA | G2: SUBTOTAL
A3: ='DEZEMBRO-25'!A3 -> ÁGUA SANITÁRIA 2L | B3: ='DEZEMBRO-25'!G3 -> 64 | C3: ='DEZEMBRO-25'!C3 -> CX | D3: ='DEZEMBRO-25'!D3 -> C/100UN | G3: =#REF!+E3-F3-AM3+BS3 -> #REF! | AM3: =SUM(H3:AL3) -> 0 | BS3: =SUM(AN3:BR3) -> 0
A4: ='DEZEMBRO-25'!A4 -> AGULHA HIPODÉRMICA 13X4.5 C/100 | B4: ='DEZEMBRO-25'!G4 -> 60 | C4: ='DEZEMBRO-25'!C4 -> CX | D4: ='DEZEMBRO-25'!D4 -> C/100UN | G4: =#REF!+E4-F4-AM4 -> #REF! | AM4: =SUM(H4:AL4) -> 0 | BS4: =SUM(AN4:BR4) -> 0
A5: ='DEZEMBRO-25'!A5 -> AGULHA HIPODÉRMICA 20X5.5 C/100 | B5: ='DEZEMBRO-25'!G5 -> 60 | C5: ='DEZEMBRO-25'!C5 -> CX | D5: ='DEZEMBRO-25'!D5 -> C/100UN | G5: =#REF!+E5-F5-AM5 -> #REF! | AM5: =SUM(H5:AL5) -> 0 | BS5: =SUM(AN5:BR5) -> 0
A6: ='DEZEMBRO-25'!A6 -> AGULHA HIPODÉRMICA 25X8 C/100 | B6: ='DEZEMBRO-25'!G6 -> 71 | C6: ='DEZEMBRO-25'!C6 -> CX | D6: ='DEZEMBRO-25'!D6 -> C/100UN | G6: =#REF!+E6-F6-AM6 -> #REF! | AM6: =SUM(H6:AL6) -> 0 | BS6: =SUM(AN6:BR6) -> 0
A7: ='DEZEMBRO-25'!A7 -> AGULHA HIPODÉRMICA 40X12 C/100 | B7: ='DEZEMBRO-25'!G7 -> 20 | C7: ='DEZEMBRO-25'!C7 -> CX | D7: ='DEZEMBRO-25'!D7 -> C/100UN | G7: =#REF!+E7-F7-AM7 -> #REF! | AM7: =SUM(H7:AL7) -> 0 | BS7: =SUM(AN7:BR7) -> 0
A8: ='DEZEMBRO-25'!A8 -> ÁLCOOL | B8: ='DEZEMBRO-25'!G8 -> #VALUE! | C8: ='DEZEMBRO-25'!C8 -> TEM MUITO | D8: ='DEZEMBRO-25'!D8 -> TEM MUITO | G8: =#REF!+E8-F8-AM8 -> #REF! | AM8: =SUM(H8:AL8) -> 0 | BS8: =SUM(AN8:BR8) -> 0
A9: ='DEZEMBRO-25'!A9 -> ALGODÃO HIDRÓFILO | B9: ='DEZEMBRO-25'!G9 -> 125 | C9: ='DEZEMBRO-25'!C9 -> UND | D9: ='DEZEMBRO-25'!D9 -> 500G | G9: =#REF!+E9-F9-AM9 -> #REF! | AM9: =SUM(H9:AL9) -> 0 | BS9: =SUM(AN9:BR9) -> 0
A10: ='DEZEMBRO-25'!A10 -> ALGODÃO ORTOPÉDICO 10CM | B10: ='DEZEMBRO-25'!G10 -> 0 | C10: ='DEZEMBRO-25'!C10 -> 0 | D10: ='DEZEMBRO-25'!D10 -> 0 | G10: =#REF!+E10-F10-AM10 -> #REF! | AM10: =SUM(H10:AL10) -> 0 | BS10: =SUM(AN10:BR10) -> 0
A11: ='DEZEMBRO-25'!A11 -> ALGODÃO ORTOPÉDICO 20CM | B11: ='DEZEMBRO-25'!G11 -> 100 | C11: ='DEZEMBRO-25'!C11 -> UND | D11: ='DEZEMBRO-25'!D11 -> OLHAR COM ZE MARIA | G11: =#REF!+E11-F11-AM11 -> #REF! | AM11: =SUM(H11:AL11) -> 0 | BS11: =SUM(AN11:BR11) -> 0
A12: ='DEZEMBRO-25'!A12 -> ALMOTOLIA 250 ML | B12: ='DEZEMBRO-25'!G12 -> 100 | C12: ='DEZEMBRO-25'!C12 -> UND | D12: ='DEZEMBRO-25'!D12 -> NÃO SAI | G12: =#REF!+E12-F12-AM12 -> #REF! | AM12: =SUM(H12:AL12) -> 0 | BS12: =SUM(AN12:BR12) -> 0
A13: ='DEZEMBRO-25'!A13 -> ALMOTOLIA 500 ML | B13: ='DEZEMBRO-25'!G13 -> 0 | C13: ='DEZEMBRO-25'!C13 -> 0 | D13: ='DEZEMBRO-25'!D13 -> 0 | G13: =#REF!+E13-F13-AM13 -> #REF! | AM13: =SUM(H13:AL13) -> 0 | BS13: =SUM(AN13:BR13) -> 0
A14: ='DEZEMBRO-25'!A14 -> APARELHO MEDIDOR GLICOSE (GLICOSÍMETRO) | B14: ='DEZEMBRO-25'!G14 -> #VALUE! | C14: ='DEZEMBRO-25'!C14 -> CONTAR | D14: ='DEZEMBRO-25'!D14 -> CONTAR | G14: =#REF!+E14-F14-AM14 -> #REF! | AM14: =SUM(H14:AL14) -> 0 | BS14: =SUM(AN14:BR14) -> 0
A15: ='DEZEMBRO-25'!A15 -> ATADURA CREPE 10CM | B15: ='DEZEMBRO-25'!G15 -> 90 | C15: ='DEZEMBRO-25'!C15 -> PCT | D15: ='DEZEMBRO-25'!D15 -> SAI MUITO | G15: =#REF!+E15-F15-AM15 -> #REF! | AM15: =SUM(H15:AL15) -> 0 | BS15: =SUM(AN15:BR15) -> 0
... A80: ='DEZEMBRO-25'!A80 -> PÁ DE LIXO | B80: ='DEZEMBRO-25'!G80 -> 0 | C80: ='DEZEMBRO-25'!C80 -> 0 | D80: ='DEZEMBRO-25'!D80 -> 0 | G80: =#REF!+E80-F80-AM80 -> #REF! | AM80: =SUM(H80:AL80) -> 0 | BS80: =SUM(AN80:BR80) -> 0
A81: ='DEZEMBRO-25'!A81 -> PANO DE PRATO | B81: ='DEZEMBRO-25'!G81 -> 0 | D81: ='DEZEMBRO-25'!D81 -> COMPRAS | G81: =#REF!+E81-F81-AM81 -> #REF! | AM81: =SUM(H81:AL81) -> 0 | BS81: =SUM(AN81:BR81) -> 0
A82: ='DEZEMBRO-25'!A82 -> PILHA AAA (COMUN) | B82: ='DEZEMBRO-25'!G82 -> 0 | C82: O | D82: ='DEZEMBRO-25'!D82 -> O | G82: =#REF!+E82-F82-AM82 -> #REF! | AM82: =SUM(H82:AL82) -> 0 | BS82: =SUM(AN82:BR82) -> 0
A83: ='DEZEMBRO-25'!A83 -> PILHA AAA (PALITO) | B83: ='DEZEMBRO-25'!G83 -> 0 | C83: O | D83: ='DEZEMBRO-25'!D83 -> O | G83: =#REF!+E83-F83-AM83 -> #REF! | AM83: =SUM(H83:AL83) -> 0 | BS83: =SUM(AN83:BR83) -> 0
A84: ='DEZEMBRO-25'!A84 -> PISTOLA COLA QUENTE GRANDE | B84: ='DEZEMBRO-25'!G84 -> 0 | C84: O | D84: ='DEZEMBRO-25'!D84 -> O | G84: =#REF!+E84-F84-AM84 -> #REF! | AM84: =SUM(H84:AL84) -> 0 | BS84: =SUM(AN84:BR84) -> 0
A85: ='DEZEMBRO-25'!A85 -> PORTA CANETA | B85: ='DEZEMBRO-25'!G85 -> 0 | C85: O | D85: ='DEZEMBRO-25'!D85 -> O | G85: =#REF!+E85-F85-AM85 -> #REF! | AM85: =SUM(H85:AL85) -> 0 | BS85: =SUM(AN85:BR85) -> 0
A86: ='DEZEMBRO-25'!A86 -> PRANCHETA | B86: ='DEZEMBRO-25'!G86 -> 0 | C86: O | D86: ='DEZEMBRO-25'!D86 -> O | G86: =#REF!+E86-F86-AM86 -> #REF! | AM86: =SUM(H86:AL86) -> 0 | BS86: =SUM(AN86:BR86) -> 0
A87: ='DEZEMBRO-25'!A87 -> PURIFICADOR | B87: ='DEZEMBRO-25'!G87 -> 0 | C87: O | D87: ='DEZEMBRO-25'!D87 -> O | G87: =#REF!+E87-F87-AM87 -> #REF! | AM87: =SUM(H87:AL87) -> 0 | BS87: =SUM(AN87:BR87) -> 0
A88: ='DEZEMBRO-25'!A88 -> REGUA 30 CM | B88: ='DEZEMBRO-25'!G88 -> #VALUE! | C88: TEM MUITO | D88: ='DEZEMBRO-25'!D88 -> TEM MUITO | G88: =#REF!+E88-F88-AM88 -> #REF! | AM88: =SUM(H88:AL88) -> 0 | BS88: =SUM(AN88:BR88) -> 0
A89: ='DEZEMBRO-25'!A89 -> SABÃO LÍQUIDO | B89: ='DEZEMBRO-25'!G89 -> 51 | C89: UND | D89: ='DEZEMBRO-25'!D89 -> SAIDA REGULAR | G89: =#REF!+E89-F89-AM89 -> #REF! | AM89: =SUM(H89:AL89) -> 0 | BS89: =SUM(AN89:BR89) -> 0
A90: ='DEZEMBRO-25'!A90 -> SACO DE LIXO 100lt | B90: ='DEZEMBRO-25'!G90 -> 70 | C90: PCT | D90: ='DEZEMBRO-25'!D90 -> SAI MUITO | G90: =#REF!+E90-F90-AM90 -> #REF! | AM90: =SUM(H90:AL90) -> 0 | BS90: =SUM(AN90:BR90) -> 0
A91: ='DEZEMBRO-25'!A91 -> SCALP 23G | B91: ='DEZEMBRO-25'!G91 -> 33 | C91: CX | D91: ='DEZEMBRO-25'!D91 -> NÃO SAI | G91: =#REF!+E91-F91-AM91 -> #REF! | AM91: =SUM(H91:AL91) -> 0 | BS91: =SUM(AN91:BR91) -> 0
A92: ='DEZEMBRO-25'!A92 -> SERINGA HIPODÉRMICA 20ML | B92: ='DEZEMBRO-25'!G92 -> 0 | C92: 0 | D92: ='DEZEMBRO-25'!D92 -> 0 | G92: =#REF!+E92-F92-AM92 -> #REF! | AM92: =SUM(H92:AL92) -> 0 | BS92: =SUM(AN92:BR92) -> 0
A93: ='DEZEMBRO-25'!A93 -> SERINGA HIPODÉRMICA 3ML | B93: ='DEZEMBRO-25'!G93 -> #VALUE! | C93: TEM MUITO | D93: ='DEZEMBRO-25'!D93 -> TEM MUITO | G93: =#REF!+E93-F93-AM93 -> #REF! | AM93: =SUM(H93:AL93) -> 0 | BS93: =SUM(AN93:BR93) -> 0
A94: ='DEZEMBRO-25'!A94 -> SERINGA P/INSULINA 1ML | B94: ='DEZEMBRO-25'!G94 -> #VALUE! | C94: FICAR DE OLHO | D94: ='DEZEMBRO-25'!D94 -> FICAR DE OLHO | G94: =#REF!+E94-F94-AM94 -> #REF! | AM94: =SUM(H94:AL94) -> 0 | BS94: =SUM(AN94:BR94) -> 0
A95: ='DEZEMBRO-25'!A95 -> SONDA DE FOLEY 14 | B95: ='DEZEMBRO-25'!G95 -> #VALUE! | C95: NÃO SAI | D95: ='DEZEMBRO-25'!D95 -> NÃO SAI | G95: =#REF!+E95-F95-AM95 -> #REF! | AM95: =SUM(H95:AL95) -> 0 | BS95: =SUM(AN95:BR95) -> 0
A96: ='DEZEMBRO-25'!A96 -> SONDA URETRAL N°10 | B96: ='DEZEMBRO-25'!G96 -> 50 | C96: UND | D96: ='DEZEMBRO-25'!D96 -> NÃO SAI | G96: =#REF!+E96-F96-AM96 -> #REF! | AM96: =SUM(H96:AL96) -> 0 | BS96: =SUM(AN96:BR96) -> 0
A97: ='DEZEMBRO-25'!A97 -> SONDA URETRAL N°12 | B97: ='DEZEMBRO-25'!G97 -> #VALUE! | C97: UND | D97: ='DEZEMBRO-25'!D97 -> SAI MUITO | G97: =#REF!+E97-F97-AM97 -> #REF! | AM97: =SUM(H97:AL97) -> 0 | BS97: =SUM(AN97:BR97) -> 0
A98: ='DEZEMBRO-25'!A98 -> SONDA URETRAL N°14 | B98: ='DEZEMBRO-25'!G98 -> 0 | C98: 0 | D98: ='DEZEMBRO-25'!D98 -> OLHAR COM ZE MARIA | G98: =#REF!+E98-F98-AM98 -> #REF! | AM98: =SUM(H98:AL98) -> 0 | BS98: =SUM(AN98:BR98) -> 0
A99: ='DEZEMBRO-25'!A99 -> SONDA URETRAL N°14 TRANSF. MARROM GÁS ETO | B99: ='DEZEMBRO-25'!G99 -> 100 | C99: UND | D99: ='DEZEMBRO-25'!D99 -> OLHAR COM ZE MARIA | G99: =#REF!+E99-F99-AM99 -> #REF! | AM99: =SUM(H99:AL99) -> 0 | BS99: =SUM(AN99:BR99) -> 0
A100: ='DEZEMBRO-25'!A100 -> SORO 100 ML | B100: ='DEZEMBRO-25'!G100 -> 1860 | C100: UND | D100: ='DEZEMBRO-25'!D100 -> SAIDA REGULAR | G100: =#REF!+E100-F100-AM100 -> #REF! | AM100: =SUM(H100:AL100) -> 0 | BS100: =SUM(AN100:BR100) -> 0
A101: ='DEZEMBRO-25'!A101 -> SORO 500 ML | B101: ='DEZEMBRO-25'!G101 -> 3 | C101: CX | D101: ='DEZEMBRO-25'!D101 -> PAM | G101: =#REF!+E101-F101-AM101 -> #REF! | AM101: =SUM(H101:AL101) -> 0 | BS101: =SUM(AN101:BR101) -> 0
A102: ='DEZEMBRO-25'!A102 -> SORO GLICOSADO 250 ML | B102: ='DEZEMBRO-25'!G102 -> 336 | C102: UND | D102: ='DEZEMBRO-25'!D102 -> SAIDA EXPECIFICA | G102: =#REF!+E102-F102-AM102 -> #REF! | AM102: =SUM(H102:AL102) -> 0 | BS102: =SUM(AN102:BR102) -> 0
A103: ='DEZEMBRO-25'!A103 -> SORO GLICOSADO 500 ML | B103: ='DEZEMBRO-25'!G103 -> 0 | C103: 0 | D103: ='DEZEMBRO-25'!D103 -> 0 | G103: =#REF!+E103-F103-AM103 -> #REF! | AM103: =SUM(H103:AL103) -> 0 | BS103: =SUM(AN103:BR103) -> 0
A104: ='DEZEMBRO-25'!A104 -> TALA ARAMADA KIT | B104: ='DEZEMBRO-25'!G104 -> 0 | C104: 0 | D104: ='DEZEMBRO-25'!D104 -> 0 | G104: =#REF!+E104-F104-AM104 -> #REF! | AM104: =SUM(H104:AL104) -> 0 | BS104: =SUM(AN104:BR104) -> 0
A105: ='DEZEMBRO-25'!A105 -> TERMÔMETRO DIGITAL | B105: ='DEZEMBRO-25'!G105 -> 0 | C105: 0 | D105: ='DEZEMBRO-25'!D105 -> 0 | G105: =#REF!+E105-F105-AM105 -> #REF! | AM105: =SUM(H105:AL105) -> 0 | BS105: =SUM(AN105:BR105) -> 0
A106: ='DEZEMBRO-25'!A106 -> TERMÔMETRO INFRAVERMELHO | B106: ='DEZEMBRO-25'!G106 -> 0 | C106: 0 | D106: ='DEZEMBRO-25'!D106 -> 0 | G106: =#REF!+E106-F106-AM106 -> #REF! | AM106: =SUM(H106:AL106) -> 0 | BS106: =SUM(AN106:BR106) -> 0
A107: ='DEZEMBRO-25'!A107 -> TESOURA MULTIUSO | B107: ='DEZEMBRO-25'!G107 -> 0 | C107: 0 | D107: ='DEZEMBRO-25'!D107 -> 0 | G107: =#REF!+E107-F107-AM107 -> #REF! | AM107: =SUM(H107:AL107) -> 0 | BS107: =SUM(AN107:BR107) -> 0
A108: ='DEZEMBRO-25'!A108 -> TUBO DE COLA QUENTE GROSSA | B108: ='DEZEMBRO-25'!G108 -> 74 | C108: UND | D108: ='DEZEMBRO-25'!D108 -> NÃO SAI | G108: =#REF!+E108-F108-AM108 -> #REF! | AM108: =SUM(H108:AL108) -> 0 | BS108: =SUM(AN108:BR108) -> 0
A109: ='DEZEMBRO-25'!A109 -> TUBO DE LATEX 15 M | B109: ='DEZEMBRO-25'!G109 -> 0 | C109: 0 | D109: ='DEZEMBRO-25'!D109 -> 0 | G109: =#REF!+E109-F109-AM109 -> #REF! | AM109: =SUM(H109:AL109) -> 0 | BS109: =SUM(AN109:BR109) -> 0
A110: ='DEZEMBRO-25'!A110 -> VASELINA LÍQUIDA | B110: ='DEZEMBRO-25'!G110 -> 12 | C110: UND | D110: ='DEZEMBRO-25'!D110 -> 1L | G110: =#REF!+E110-F110-AM110 -> #REF! | AM110: =SUM(H110:AL110) -> 0 | BS110: =SUM(AN110:BR110) -> 0
A111: ='DEZEMBRO-25'!A111 -> VASSOURA PIAÇAVA | B111: ='DEZEMBRO-25'!G111 -> 39 | C111: UND | D111: ='DEZEMBRO-25'!D111 -> SAIDA REGULAR | G111: =#REF!+E111-F111-AM111 -> #REF! | AM111: =SUM(H111:AL111) -> 0 | BS111: =SUM(AN111:BR111) -> 0
A112: ='DEZEMBRO-25'!A112 -> SORO 250ML | B112: ='DEZEMBRO-25'!G112 -> 437 | C112: UND | D112: ='DEZEMBRO-25'!D112 -> FICAR DE OLHO | G112: =#REF!+E112-F112-AM112 -> #REF! | AM112: =SUM(H112:AL112) -> 0 | BS112: =SUM(AN112:BR112) -> 0
A113: ='DEZEMBRO-25'!A113 -> armário de aço 2 portas 192x800x400 | B113: ='DEZEMBRO-25'!G113 -> 4 | C113: ='DEZEMBRO-25'!C113 -> 0 | D113: ='DEZEMBRO-25'!D113 -> 0
A114: ='DEZEMBRO-25'!A114 -> armário de aço 2 portas 1600x750x400 | B114: ='DEZEMBRO-25'!G114 -> 4 | C114: ='DEZEMBRO-25'!C114 -> 0 | D114: ='DEZEMBRO-25'!D114 -> 0
A115: ='DEZEMBRO-25'!A115 -> arquivo de aço 4 gavetas tamanho 0.13x0.6x1.34 | B115: ='DEZEMBRO-25'!G115 -> 0 | C115: ='DEZEMBRO-25'!C115 -> 0 | D115: ='DEZEMBRO-25'!D115 -> 0
A116: ='DEZEMBRO-25'!A116 -> pratireira | B116: ='DEZEMBRO-25'!G116 -> 4 | C116: ='DEZEMBRO-25'!C116 -> 0 | D116: ='DEZEMBRO-25'!D116 -> 0
A117: ='DEZEMBRO-25'!A117 -> fogão industrial 4 bocas | B117: ='DEZEMBRO-25'!G117 -> 2 | C117: ='DEZEMBRO-25'!C117 -> 0 | D117: ='DEZEMBRO-25'!D117 -> 0
A118: ='DEZEMBRO-25'!A118 -> fogão industrial 6 bocas | B118: ='DEZEMBRO-25'!G118 -> 2 | C118: ='DEZEMBRO-25'!C118 -> 0 | D118: ='DEZEMBRO-25'!D118 -> 0
A119: ='DEZEMBRO-25'!A119 -> ventilador de parede | B119: ='DEZEMBRO-25'!G119 -> 8 | C119: ='DEZEMBRO-25'!C119 -> 0 | D119: ='DEZEMBRO-25'!D119 -> 0
A120: ='DEZEMBRO-25'!A120 -> longarinas | B120: ='DEZEMBRO-25'!G120 -> 5 | C120: ='DEZEMBRO-25'!C120 -> 0 | D120: ='DEZEMBRO-25'!D120 -> 0
A121: ='DEZEMBRO-25'!A121 -> 0 | B121: ='DEZEMBRO-25'!G121 -> 0 | C121: ='DEZEMBRO-25'!C121 -> 0 | D121: ='DEZEMBRO-25'!D121 -> 0
A122: ='DEZEMBRO-25'!A122 -> 0 | B122: ='DEZEMBRO-25'!G122 -> 0 | C122: ='DEZEMBRO-25'!C122 -> 0 | D122: ='DEZEMBRO-25'!D122 -> 0
A123: ='DEZEMBRO-25'!A123 -> 0 | B123: ='DEZEMBRO-25'!G123 -> 0 | C123: ='DEZEMBRO-25'!C123 -> 0 | D123: ='DEZEMBRO-25'!D123 -> 0
A124: ='DEZEMBRO-25'!A124 -> 0 | B124: ='DEZEMBRO-25'!G124 -> 0 | C124: ='DEZEMBRO-25'!C124 -> 0 | D124: ='DEZEMBRO-25'!D124 -> 0
... A300: ='DEZEMBRO-25'!A300 -> 0 | B300: ='DEZEMBRO-25'!G300 -> 0 | C300: ='DEZEMBRO-25'!C300 -> 0 | D300: ='DEZEMBRO-25'!D300 -> 0

Sheet 2-26

Sheet 3-26

Sheet 4-26

Sheet 5-26

Sheet 6-26

Sheet 7-26

Sheet 8-26

Sheet 9-26

Sheet 10-26

Sheet 11-26

Sheet 12-26
